﻿<?xml version="1.0" encoding="utf-8"?>
<Dashboard CurrencyCulture="en-US">
  <Title Text="Dashboard" />
  <DataSources>
    <SqlDataSource ComponentName="dashboardSqlDataSource1">
      <Name>SQL Data Source 1</Name>
      <Connection Name="localhost_HRMS_Connection" ProviderKey="MSSqlServer">
        <Parameters>
          <Parameter Name="server" Value=".\SMS" />
          <Parameter Name="database" Value="HRMS" />
          <Parameter Name="useIntegratedSecurity" Value="True" />
          <Parameter Name="read only" Value="1" />
          <Parameter Name="generateConnectionHelper" Value="false" />
        </Parameters>
      </Connection>
      <Query Type="SelectQuery" Name="Company">
        <Tables>
          <Table Name="Company" X="30" Y="30" Width="125" Height="248" />
          <Table Name="Employee" X="185" Y="30" Width="125" Height="438" />
          <Relation Type="Inner" Parent="Company" Nested="Employee">
            <KeyColumn Parent="CID" Nested="CID" />
          </Relation>
        </Tables>
        <Columns>
          <Column Table="Company" Name="Name" />
          <Column Table="Employee" Name="Sex" Alias="Gender" />
          <Column Table="Employee" Name="EMPID" Aggregate="Count" Alias="Total" />
        </Columns>
        <Grouping>
          <Column Table="Company" Name="Name" />
          <Column Table="Employee" Name="Sex" />
        </Grouping>
      </Query>
      <ResultSchema>
        <DataSet Name="SQL Data Source 1">
          <View Name="Company">
            <Field Name="Name" Type="String" />
            <Field Name="Gender" Type="String" />
            <Field Name="Total" Type="String" />
          </View>
        </DataSet>
      </ResultSchema>
      <ConnectionOptions CloseConnection="true" />
    </SqlDataSource>
  </DataSources>
  <Items>
    <Grid ComponentName="gridDashboardItem1" Name="Number of Teachers with Gender Category" DataSource="dashboardSqlDataSource1" DataMember="Company">
      <DataItems>
        <Dimension DataMember="Name" DefaultId="DataItem0" />
        <Dimension DataMember="Gender" DefaultId="DataItem1" />
        <Dimension DataMember="Total" DefaultId="DataItem2" />
      </DataItems>
      <GridColumns>
        <GridDimensionColumn Weight="92.222222222222229">
          <Dimension DefaultId="DataItem0" />
        </GridDimensionColumn>
        <GridDimensionColumn Weight="72.222222222222229">
          <Dimension DefaultId="DataItem1" />
        </GridDimensionColumn>
        <GridDimensionColumn Weight="60.555555555555557">
          <Dimension DefaultId="DataItem2" />
        </GridDimensionColumn>
      </GridColumns>
      <GridOptions AllowGridCellMerge="true" ColumnWidthMode="Manual" />
    </Grid>
  </Items>
  <LayoutTree>
    <LayoutGroup Orientation="Vertical">
      <LayoutItem DashboardItem="gridDashboardItem1" />
    </LayoutGroup>
  </LayoutTree>
</Dashboard>