﻿<?xml version="1.0" encoding="utf-8"?>
<Dashboard CurrencyCulture="en-US">
  <Title Text="" />
  <DataSources>
    <SqlDataSource ComponentName="dashboardSqlDataSource1">
      <Name>HRMS Dashboard</Name>
      <Connection Name="localhost_HRMS_Connection" ProviderKey="MSSqlServer">
        <Parameters>
          <Parameter Name="server" Value=".\SMS" />
          <Parameter Name="database" Value="HRMS" />
          <Parameter Name="useIntegratedSecurity" Value="True" />
          <Parameter Name="read only" Value="1" />
          <Parameter Name="generateConnectionHelper" Value="false" />
          <Parameter Name="userid" Value="" />
          <Parameter Name="password" Value="" />
        </Parameters>
      </Connection>
      <Query Type="SelectQuery" Name="KifleKetema">
        <Tables>
          <Table Name="KifleKetema" X="30" Y="30" Width="125" Height="134" />
          <Table Name="School" X="185" Y="30" Width="125" Height="362" />
          <Relation Type="Inner" Parent="KifleKetema" Nested="School">
            <KeyColumn Parent="kid" Nested="kkid" />
          </Relation>
        </Tables>
        <Columns>
          <Column Table="KifleKetema" Name="KKName" Alias="Subcity " />
          <Column Table="School" Name="sid" Aggregate="Count" Alias="Total School" />
        </Columns>
        <Grouping>
          <Column Table="KifleKetema" Name="KKName" />
        </Grouping>
      </Query>
      <ResultSchema>
        <DataSet Name="HRMS Dashboard">
          <View Name="KifleKetema">
            <Field Name="Subcity " Type="String" />
            <Field Name="Total School" Type="Int32" />
          </View>
        </DataSet>
      </ResultSchema>
      <ConnectionOptions CloseConnection="true" />
    </SqlDataSource>
    <SqlDataSource ComponentName="dashboardSqlDataSource2">
      <Name>HRMS Dashboard1</Name>
      <Connection Name="localhost_HRMS_Connection" ProviderKey="MSSqlServer">
        <Parameters>
          <Parameter Name="server" Value=".\SMS" />
          <Parameter Name="database" Value="HRMS" />
          <Parameter Name="useIntegratedSecurity" Value="True" />
          <Parameter Name="read only" Value="1" />
          <Parameter Name="generateConnectionHelper" Value="false" />
          <Parameter Name="userid" Value="" />
          <Parameter Name="password" Value="" />
        </Parameters>
      </Connection>
      <Query Type="SelectQuery" Name="School">
        <Tables>
          <Table Name="School" X="30" Y="30" Width="125" Height="362" />
          <Table Name="Employee" X="185" Y="30" Width="125" Height="495" />
          <Relation Type="Inner" Parent="School" Nested="Employee">
            <KeyColumn Parent="sid" Nested="sid" />
          </Relation>
        </Tables>
        <Columns>
          <Column Table="School" Name="Name" Alias="School Name" />
          <Column Table="Employee" Name="EID" Aggregate="Count" Alias="Total Employee" />
        </Columns>
        <Grouping>
          <Column Table="School" Name="Name" />
        </Grouping>
      </Query>
      <ResultSchema>
        <DataSet Name="HRMS Dashboard1">
          <View Name="School">
            <Field Name="School Name" Type="String" />
            <Field Name="Total Employee" Type="Int32" />
          </View>
        </DataSet>
      </ResultSchema>
      <ConnectionOptions CloseConnection="true" />
    </SqlDataSource>
    <SqlDataSource ComponentName="dashboardSqlDataSource3">
      <Name>HRMS Dashboard3</Name>
      <Connection Name="localhost_HRMS_Connection" ProviderKey="MSSqlServer">
        <Parameters>
          <Parameter Name="server" Value=".\SMS" />
          <Parameter Name="database" Value="HRMS" />
          <Parameter Name="useIntegratedSecurity" Value="True" />
          <Parameter Name="read only" Value="1" />
          <Parameter Name="generateConnectionHelper" Value="false" />
          <Parameter Name="userid" Value="" />
          <Parameter Name="password" Value="" />
        </Parameters>
      </Connection>
      <Query Type="SelectQuery" Name="Employee">
        <Tables>
          <Table Name="Employee" X="30" Y="30" Width="125" Height="495" />
          <Table Name="School" X="185" Y="30" Width="125" Height="362" />
          <Relation Type="Inner" Parent="Employee" Nested="School">
            <KeyColumn Parent="sid" Nested="sid" />
          </Relation>
        </Tables>
        <Columns>
          <Column Table="School" Name="Name" Alias="School Name" />
          <Column Table="Employee" Name="Sex" Alias="Gender" />
          <Column Table="Employee" Name="EID" Aggregate="Count" Alias="Total" />
        </Columns>
        <Grouping>
          <Column Table="Employee" Name="Sex" />
          <Column Table="School" Name="Name" />
        </Grouping>
      </Query>
      <ResultSchema>
        <DataSet Name="HRMS Dashboard3">
          <View Name="Employee">
            <Field Name="School Name" Type="String" />
            <Field Name="Gender" Type="String" />
            <Field Name="Total" Type="Int32" />
          </View>
        </DataSet>
      </ResultSchema>
      <ConnectionOptions CloseConnection="true" />
    </SqlDataSource>
    <SqlDataSource ComponentName="dashboardSqlDataSource4">
      <Name>HRMS Dashboard 4</Name>
      <Connection Name="localhost_HRMS_Connection" ProviderKey="MSSqlServer">
        <Parameters>
          <Parameter Name="server" Value=".\SMS" />
          <Parameter Name="database" Value="HRMS" />
          <Parameter Name="useIntegratedSecurity" Value="True" />
          <Parameter Name="read only" Value="1" />
          <Parameter Name="generateConnectionHelper" Value="false" />
          <Parameter Name="userid" Value="" />
          <Parameter Name="password" Value="" />
        </Parameters>
      </Connection>
      <Query Type="SelectQuery" Name="Income">
        <Tables>
          <Table Name="Income" X="30" Y="30" Width="125" Height="172" />
        </Tables>
        <Columns>
          <Column Table="Income" Name="Income_Source" Alias="Source of Income" />
          <Column Table="Income" Name="Income_Amount" Aggregate="Sum" Alias="Amount" />
        </Columns>
        <Grouping>
          <Column Table="Income" Name="Income_Source" />
        </Grouping>
      </Query>
      <ResultSchema>
        <DataSet Name="HRMS Dashboard 4">
          <View Name="Income">
            <Field Name="Source of Income" Type="String" />
            <Field Name="Amount" Type="Decimal" />
          </View>
        </DataSet>
      </ResultSchema>
      <ConnectionOptions CloseConnection="true" />
    </SqlDataSource>
  </DataSources>
  <Items>
    <Grid ComponentName="gridDashboardItem1" Name="Subcity vs Schools" DataSource="dashboardSqlDataSource1" DataMember="KifleKetema">
      <DataItems>
        <Dimension DataMember="Subcity " Name="Lists of Subcity" DefaultId="DataItem0" />
        <Measure DataMember="Total School" Name="Total School" DefaultId="DataItem1" />
      </DataItems>
      <FormatRules>
        <GridItemFormatRule Name="FormatRule 1" ApplyToRow="true" DataItem="DataItem0" DataItemApplyTo="DataItem1">
          <FormatConditionValue>
            <AppearanceSettings AppearanceType="Green" />
            <Value1 Type="System.String" Value="*" />
          </FormatConditionValue>
        </GridItemFormatRule>
      </FormatRules>
      <GridColumns>
        <GridDimensionColumn Weight="114.44805194805196">
          <Dimension DefaultId="DataItem0" />
        </GridDimensionColumn>
        <GridMeasureColumn Weight="35.551948051948052">
          <Measure DefaultId="DataItem1" />
        </GridMeasureColumn>
      </GridColumns>
      <GridOptions AllowGridCellMerge="true" ColumnWidthMode="Manual" />
    </Grid>
    <Grid ComponentName="gridDashboardItem2" Name="School vs Number of Employee" DataSource="dashboardSqlDataSource2" DataMember="School">
      <DataItems>
        <Dimension DataMember="School Name" DefaultId="DataItem0" />
        <Measure DataMember="Total Employee" Name="Total Employee " DefaultId="DataItem1" />
      </DataItems>
      <GridColumns>
        <GridDimensionColumn Weight="112.07386363636364">
          <Dimension DefaultId="DataItem0" />
        </GridDimensionColumn>
        <GridMeasureColumn Weight="37.926136363636367">
          <Measure DefaultId="DataItem1" />
        </GridMeasureColumn>
      </GridColumns>
      <GridOptions ColumnWidthMode="Manual" />
    </Grid>
    <Grid ComponentName="gridDashboardItem3" Name="School Names Vs Numbe of Employee under each Gender" DataSource="dashboardSqlDataSource3" DataMember="Employee">
      <DataItems>
        <Dimension DataMember="School Name" DefaultId="DataItem0" />
        <Dimension DataMember="Gender" DefaultId="DataItem1" />
        <Measure DataMember="Total" Name="Total" DefaultId="DataItem2" />
      </DataItems>
      <GridColumns>
        <GridDimensionColumn Weight="156.01719197707735">
          <Dimension DefaultId="DataItem0" />
        </GridDimensionColumn>
        <GridDimensionColumn Weight="37.392550143266469">
          <Dimension DefaultId="DataItem1" />
        </GridDimensionColumn>
        <GridMeasureColumn Weight="31.590257879656154">
          <Measure DefaultId="DataItem2" />
        </GridMeasureColumn>
      </GridColumns>
      <GridOptions ColumnWidthMode="Manual" />
    </Grid>
    <Chart ComponentName="chartDashboardItem1" Name="Subcity vs School" ShowCaption="false" DataSource="dashboardSqlDataSource1" DataMember="KifleKetema">
      <DataItems>
        <Measure DataMember="Subcity " Name="Subcity  " SummaryType="Count" DefaultId="DataItem0" />
        <Measure DataMember="Total School" Name="Total School" DefaultId="DataItem1" />
      </DataItems>
      <Panes>
        <Pane Name="Pane 1">
          <Series>
            <Simple>
              <Value DefaultId="DataItem0" />
            </Simple>
            <Simple>
              <Value DefaultId="DataItem1" />
            </Simple>
          </Series>
        </Pane>
      </Panes>
    </Chart>
    <Pie ComponentName="pieDashboardItem1" Name="School Names, Gender with Total Values with Gender" DataSource="dashboardSqlDataSource3" DataMember="Employee">
      <DataItems>
        <Measure DataMember="School Name" Name="School Name" SummaryType="Count" DefaultId="DataItem0" />
        <Measure DataMember="Gender" Name="Gender" SummaryType="Count" DefaultId="DataItem1" />
        <Measure DataMember="Total" Name="Total" DefaultId="DataItem2" />
      </DataItems>
      <Values>
        <Value DefaultId="DataItem0" />
        <Value DefaultId="DataItem1" />
        <Value DefaultId="DataItem2" />
      </Values>
    </Pie>
    <Grid ComponentName="gridDashboardItem4" Name="Income Sources and Amount" DataSource="dashboardSqlDataSource4" DataMember="Income">
      <DataItems>
        <Dimension DataMember="Source of Income" DefaultId="DataItem0" />
        <Measure DataMember="Amount" Name="Amount " DefaultId="DataItem1" />
      </DataItems>
      <FormatRules>
        <GridItemFormatRule Name="FormatRule 1" DataItem="DataItem1">
          <FormatConditionGradientRangeBar ValueType="Percent">
            <RangeSet>
              <Ranges>
                <RangeInfo>
                  <Value Type="System.Double" Value="0" />
                  <BarStyleSettings PredefinedColor="GradientYellow" />
                </RangeInfo>
                <RangeInfo>
                  <Value Type="System.Double" Value="20" />
                </RangeInfo>
                <RangeInfo>
                  <Value Type="System.Double" Value="40" />
                  <BarStyleSettings PredefinedColor="GradientGreen" />
                </RangeInfo>
                <RangeInfo>
                  <Value Type="System.Double" Value="60" />
                </RangeInfo>
                <RangeInfo>
                  <Value Type="System.Double" Value="80" />
                  <BarStyleSettings PredefinedColor="GradientBlue" />
                </RangeInfo>
              </Ranges>
            </RangeSet>
            <BarOptions />
          </FormatConditionGradientRangeBar>
        </GridItemFormatRule>
      </FormatRules>
      <GridColumns>
        <GridDimensionColumn>
          <Dimension DefaultId="DataItem0" />
        </GridDimensionColumn>
        <GridMeasureColumn>
          <Measure DefaultId="DataItem1" />
        </GridMeasureColumn>
      </GridColumns>
      <GridOptions />
    </Grid>
    <Chart ComponentName="chartDashboardItem2" Name="Chart of School vs Employee" DataSource="dashboardSqlDataSource2" DataMember="School">
      <DataItems>
        <Measure DataMember="School Name" Name="School Name" SummaryType="Count" DefaultId="DataItem0" />
        <Measure DataMember="Total Employee" Name="Total Employee" DefaultId="DataItem1" />
      </DataItems>
      <Panes>
        <Pane Name="Pane 1">
          <Series>
            <Simple>
              <Value DefaultId="DataItem0" />
            </Simple>
            <Simple>
              <Value DefaultId="DataItem1" />
            </Simple>
          </Series>
        </Pane>
      </Panes>
    </Chart>
  </Items>
  <LayoutTree>
    <LayoutGroup>
      <LayoutGroup Orientation="Vertical" Weight="20.224019912881143">
        <LayoutItem DashboardItem="gridDashboardItem1" Weight="33.572453371592538" />
        <LayoutItem DashboardItem="pieDashboardItem1" Weight="66.427546628407455" />
      </LayoutGroup>
      <LayoutGroup Orientation="Vertical" Weight="22.464219041692594">
        <LayoutItem DashboardItem="gridDashboardItem3" Weight="33.572453371592538" />
        <LayoutItem DashboardItem="gridDashboardItem4" Weight="66.427546628407455" />
      </LayoutGroup>
      <LayoutGroup Orientation="Vertical" Weight="31.425015556938394">
        <LayoutItem DashboardItem="gridDashboardItem2" Weight="33.572453371592538" />
        <LayoutItem DashboardItem="chartDashboardItem2" Weight="66.427546628407455" />
      </LayoutGroup>
      <LayoutItem DashboardItem="chartDashboardItem1" Weight="25.886745488487865" />
    </LayoutGroup>
  </LayoutTree>
</Dashboard>