﻿<?xml version="1.0" encoding="utf-8"?>
<Dashboard CurrencyCulture="en-US">
  <Title Text="School Vs Employee Dashboard" />
  <DataSources>
    <SqlDataSource ComponentName="dashboardSqlDataSource1">
      <Name>noe</Name>
      <Connection Name="localhost_HRMS_Connection" ProviderKey="MSSqlServer">
        <Parameters>
          <Parameter Name="server" Value=".\SMS" />
          <Parameter Name="database" Value="HRMS" />
          <Parameter Name="useIntegratedSecurity" Value="True" />
          <Parameter Name="read only" Value="1" />
          <Parameter Name="generateConnectionHelper" Value="false" />
          <Parameter Name="userid" Value="tariku" />
          <Parameter Name="password" Value="tariku" />
        </Parameters>
      </Connection>
      <Query Type="SelectQuery" Name="School">
        <Tables>
          <Table Name="School" X="30" Y="30" Width="125" Height="362" />
          <Table Name="Employee" X="185" Y="30" Width="125" Height="495" />
          <Table Name="KifleKetema" X="340" Y="30" Width="125" Height="134" />
          <Relation Type="Inner" Parent="School" Nested="Employee">
            <KeyColumn Parent="sid" Nested="sid" />
          </Relation>
          <Relation Type="Inner" Parent="School" Nested="KifleKetema">
            <KeyColumn Parent="kkid" Nested="kid" />
          </Relation>
        </Tables>
        <Columns>
          <Column Table="School" Name="Name" Alias="School Name" />
          <Column Table="School" Name="Level" Alias="School Level" />
          <Column Table="Employee" Name="Sex" Alias="Gender" />
          <Column Table="KifleKetema" Name="KKName" Alias="Sbcity" />
          <Column Table="Employee" Name="EID" Aggregate="Count" Alias="Total Employee" />
        </Columns>
        <Grouping>
          <Column Table="School" Name="Level" />
          <Column Table="Employee" Name="Sex" />
          <Column Table="KifleKetema" Name="KKName" />
          <Column Table="School" Name="Name" />
        </Grouping>
      </Query>
      <ResultSchema>
        <DataSet Name="noe">
          <View Name="School">
            <Field Name="School Name" Type="String" />
            <Field Name="School Level" Type="String" />
            <Field Name="Gender" Type="String" />
            <Field Name="Sbcity" Type="String" />
            <Field Name="Total Employee" Type="Int32" />
          </View>
        </DataSet>
      </ResultSchema>
      <ConnectionOptions CloseConnection="true" />
    </SqlDataSource>
  </DataSources>
  <Items>
    <Grid ComponentName="gridDashboardItem1" Name="" DataSource="dashboardSqlDataSource1" DataMember="School" FilterString="StartsWith([DataItem3], 'M')">
      <InteractivityOptions MasterFilterMode="Multiple" />
      <DataItems>
        <Dimension DataMember="School Name" DefaultId="DataItem0" />
        <Dimension DataMember="School Level" DefaultId="DataItem1" />
        <Dimension DataMember="Sbcity" DefaultId="DataItem2" />
        <Dimension DataMember="Gender" DefaultId="DataItem3" />
        <Measure DataMember="Total Employee" DefaultId="DataItem4" />
      </DataItems>
      <GridColumns>
        <GridDimensionColumn Weight="104.05886157826649">
          <Dimension DefaultId="DataItem0" />
        </GridDimensionColumn>
        <GridDimensionColumn Weight="77.13454075032341">
          <Dimension DefaultId="DataItem1" />
        </GridDimensionColumn>
        <GridDimensionColumn Weight="52.393272962483827">
          <Dimension DefaultId="DataItem2" />
        </GridDimensionColumn>
        <GridDimensionColumn Weight="46.814359637774906">
          <Dimension DefaultId="DataItem3" />
        </GridDimensionColumn>
        <GridMeasureColumn Weight="94.598965071151355">
          <Measure DefaultId="DataItem4" />
        </GridMeasureColumn>
      </GridColumns>
      <GridOptions ColumnWidthMode="Manual" WordWrap="true" />
    </Grid>
    <Pie ComponentName="pieDashboardItem1" Name="" DataSource="dashboardSqlDataSource1" DataMember="School">
      <DataItems>
        <Measure DataMember="School Name" SummaryType="Count" DefaultId="DataItem0" />
        <Measure DataMember="School Level" SummaryType="Count" DefaultId="DataItem1" />
      </DataItems>
      <Values>
        <Value DefaultId="DataItem0" />
        <Value DefaultId="DataItem1" />
      </Values>
    </Pie>
    <Pie ComponentName="pieDashboardItem2" Name="Pies 2" />
    <Pie ComponentName="pieDashboardItem3" Name="Pies 3" DataSource="dashboardSqlDataSource1" DataMember="School">
      <DataItems>
        <Measure DataMember="School Name" SummaryType="Count" DefaultId="DataItem0" />
        <Measure DataMember="Total Employee" DefaultId="DataItem1" />
      </DataItems>
      <Values>
        <Value DefaultId="DataItem0" />
        <Value DefaultId="DataItem1" />
      </Values>
    </Pie>
    <Gauge ComponentName="gaugeDashboardItem1" Name="" DataSource="dashboardSqlDataSource1" DataMember="School">
      <DataItems>
        <Measure DataMember="Gender" SummaryType="Count" DefaultId="DataItem0" />
        <Measure DataMember="Total Employee" DefaultId="DataItem1" />
      </DataItems>
      <GaugeElement>
        <ActualValue DefaultId="DataItem0" />
        <TargetValue DefaultId="DataItem1" />
        <AbsoluteVariationNumericFormat />
        <PercentVariationNumericFormat />
        <PercentOfTargetNumericFormat />
      </GaugeElement>
    </Gauge>
  </Items>
  <LayoutTree>
    <LayoutGroup>
      <LayoutGroup Orientation="Vertical" Weight="34.362934362934361">
        <LayoutItem DashboardItem="gridDashboardItem1" Weight="42.611190817790529" />
        <LayoutItem DashboardItem="pieDashboardItem3" Weight="57.388809182209471" />
      </LayoutGroup>
      <LayoutGroup Weight="65.637065637065632">
        <LayoutGroup Orientation="Vertical" Weight="50">
          <LayoutItem DashboardItem="pieDashboardItem1" Weight="50" />
          <LayoutItem DashboardItem="gaugeDashboardItem1" Weight="50" />
        </LayoutGroup>
        <LayoutItem DashboardItem="pieDashboardItem2" Weight="50" />
      </LayoutGroup>
    </LayoutGroup>
  </LayoutTree>
</Dashboard>